Index,UserId,FirstName,LastName,Sex,Email,Phone,Dateofbirth,JobTitle
1,e09c4f4cbfEFaFd,Dawn,Trevino,Male,clintongood@example.org,360-423-5286,1972-01-17,"Teacher, primary school"
2,D781D28b845Ab9D,Dale,Mcknight,Male,clairebradshaw@example.org,9062423229,1931-01-31,"Development worker, community"
3,eda7EcaF87b2D80,Herbert,Bean,Female,johnnybooker@example.org,001-149-154-0679x1617,2018-02-10,Ceramics designer
4,E75ACea5D7AeC3e,Karen,Everett,Female,wkhan@example.org,870.294.7563x20939,1938-06-14,"Civil engineer, consulting"
5,9C4Df1246ddf543,Angela,Shea,Male,reginaldgarner@example.com,242.442.2978,1971-11-22,Health and safety adviser
6,Ca64cDbaCE8E509,Edward,Marsh,Male,terrygregg@example.org,102.278.4475,1961-09-29,Counsellor
7,de7a3B52BA7aDcd,Jane,Ewing,Female,sonya81@example.org,+1-355-400-9148x9713,2008-10-20,Logistics and distribution manager
8,d54D30C5Ce7A20F,Jasmin,Collins,Male,brennandawn@example.com,053-313-3124x48418,1986-05-30,Financial controller
9,21DC9aA0fa31D0C,Dakota,Gregory,Male,mcooper@example.net,561-089-8829x7111,1939-01-21,Probation officer
10,Ae5E6FBeCdcb982,Jean,Ferrell,Female,alejandraadkins@example.com,(660)872-0844x8093,1947-01-13,Careers information officer
11,50e8dCC5b9AE4E6,Lucas,Morton,Male,donnagoodwin@example.com,001-034-283-9962x2100,1926-03-13,"Engineer, materials"
12,832a0c3F8Cfbfe0,Cody,Mcconnell,Female,hollysolomon@example.org,+1-587-606-7008x0376,1969-12-23,Sub
13,8cEFa319c0DDdAa,Tabitha,Hendrix,Male,coleclarke@example.org,001-610-492-3755,2013-09-08,"Surveyor, commercial/residential"
14,De8c6BebBA0c8b6,Mary,Mercado,Male,bryantsteve@example.org,6151197114,1952-09-10,Community development worker
15,f8a324f94cE4Dd1,Ashlee,Espinoza,Male,osloan@example.net,(047)750-1618x9895,1945-11-29,Geoscientist
16,3c43f9C64EA74bF,Shari,Blanchard,Male,peckroger@example.org,239-390-9769x1550,2006-03-31,"Surveyor, building control"
17,6BeedD49dB2b71c,Brandy,Mckenzie,Female,bridgesdakota@example.org,719.175.3859,2006-09-21,"Sound technician, broadcasting/film/video"
18,A4FE2ebA3CF26DA,Clinton,Pineda,Male,samuel41@example.org,(826)062-5055,1942-10-05,Multimedia specialist
19,4e1681BeaD9FfDa,Maureen,Novak,Female,hollyharrington@example.net,001-799-763-0832x192,1941-01-30,Video editor
20,7bb750E038dB4eF,Alexis,Rubio,Female,sbarber@example.org,861.045.1464x75700,1995-08-27,Outdoor activities/education manager
21,CaD688Bd1841bb6,Tanya,Walters,Male,breanna54@example.net,620.457.8968x556,1963-07-08,Market researcher
22,BeE8a27c134DCA0,Theodore,Mann,Female,ebennett@example.com,895-447-6408x6111,1931-05-12,"Psychologist, occupational"
23,f8ea3DCf6F2b5F2,Donna,Mckenzie,Female,sarahcooley@example.net,+1-126-152-0677x2339,1997-04-12,Clothing/textile technologist
24,2b250eCAa2dbdf1,Natasha,Khan,Male,paigeelliott@example.org,001-198-392-8393x00806,1914-07-29,Social worker
25,9aDBe973Ef95d28,Micheal,House,Male,charles23@example.org,569-835-0438x489,1975-10-08,Sport and exercise psychologist
26,95Fd388D74Ae949,Albert,Harris,Female,zbentley@example.org,665.276.6086,1949-09-22,Industrial buyer
27,EAE9Fa7a07A260e,Jodi,Juarez,Male,alvin47@example.org,(447)381-3662x78735,1950-09-04,Graphic designer
28,Fb4ecc863F3EEEc,Larry,Franco,Male,gregoryrivas@example.net,(827)033-1638x17291,1982-08-30,Government social research officer
29,ec8A2C2F4A3b33B,Sandy,Montes,Female,cesarlara@example.com,+1-731-353-7892x4853,2009-02-03,Youth worker
30,e595c249228789d,Jane,Walker,Male,loganbradley@example.org,001-671-524-9718x2276,1944-04-30,"Geneticist, molecular"
31,65F4EBbA062fbcA,Bryce,Sandoval,Male,mccarthyjohnny@example.com,455-508-7252,1956-11-17,Investment analyst
32,1cbD7d7058EADeE,Patrick,Farrell,Male,zhangsummer@example.com,(368)342-3340x12464,2005-02-26,Operational investment banker
33,bc5f9CEdD428cA7,Virginia,Kaufman,Male,morgan33@example.org,+1-775-434-8292x91084,1996-05-04,Catering manager
34,3951c1C600Cd60c,Phillip,Rosales,Female,edward49@example.net,+1-801-074-8861,1986-02-05,Quality manager
35,D8971cB39D6dFBb,Tamara,Choi,Female,lisa51@example.org,(228)586-1519x28871,1915-09-12,"Engineer, energy"
36,cdD6023AaC8D24B,Greg,Oconnell,Female,isaiahburke@example.com,+1-512-228-6434x2460,1934-03-19,Nutritional therapist
37,5083249beab663d,Kristen,Cisneros,Female,rcastro@example.com,001-983-143-3100x436,2021-06-29,Chief Technology Officer
38,2FAD7DAb96AD0c2,Anna,Little,Female,christinedavis@example.org,445-051-7954x33433,2008-10-03,Architect
39,1a0f00cc875F8d2,Catherine,Campos,Female,raymondgamble@example.com,065-049-8374x69660,1945-05-19,Hydrologist
40,524CCEdCc1eB9e4,Sydney,Johns,Male,rlloyd@example.net,+1-742-566-7071x394,1995-08-18,Passenger transport manager
41,a57Eb1DeDa2BEaF,Janet,Greer,Female,gabrielle99@example.org,+1-293-675-8483x0101,1950-01-18,Industrial/product designer
42,b1D916A0ac76CC2,Kurt,Mueller,Male,krausesylvia@example.net,(259)017-1081x61428,1956-10-20,Logistics and distribution manager
43,ed0df7CdBCabc0a,Reginald,Richard,Male,fhurst@example.com,680-928-7070,1930-06-23,Hospital doctor
44,9fBbCdA5C15B6bf,Vickie,Andrews,Female,blane@example.net,+1-299-266-8636,1984-03-29,"Psychologist, prison and probation services"
45,AEbeaC4CC57e1Dd,Maxwell,Rangel,Female,desireezuniga@example.org,8874591442,1993-02-11,Multimedia specialist
46,1aDCE1Deea6b27c,Kristin,Mcpherson,Male,francis27@example.org,+1-043-697-4146x7809,1983-10-03,"Designer, graphic"
47,aEAa33d2B36Ac3C,Franklin,Kerr,Male,leroy71@example.net,246-585-2532x3925,1921-07-26,Ship broker
48,0a60ddCb172BA18,Frank,Small,Female,hartmanbrady@example.com,(898)021-8185,1970-10-31,Science writer
49,d242FAF6121b37C,Stanley,Valencia,Male,pgross@example.net,024.563.2374,1984-03-13,Set designer
50,EfEf195BE38bc4e,Sherri,Crane,Male,bsellers@example.org,+1-822-054-0623x85030,1961-05-23,Accounting technician
51,d1bD38103FFF2d8,Ruth,Velez,Male,briannayork@example.com,(215)082-5520,2014-05-20,Counselling psychologist
52,5232eE0A6E6cd36,Michael,Duarte,Female,durhamgary@example.com,011.434.1076x076,1917-10-26,"Surveyor, insurance"
53,95E9b3Df757a4f1,Jocelyn,Riley,Male,irivers@example.net,001-675-170-0565x533,1967-03-24,Energy engineer
54,82cFDE831a83d36,Jonathon,Hancock,Female,andres31@example.org,5020385308,1956-07-09,Television production assistant
55,Bae0ae361Bc65C8,Jeanne,Becker,Male,glove@example.com,+1-214-705-0630x196,1965-05-11,Printmaker
56,A2f5Db29cA9Ff17,Shaun,Trujillo,Male,jglenn@example.com,+1-822-157-8351x54901,2021-12-02,"Surveyor, rural practice"
57,8416ae331B71Fc3,Chelsey,Delacruz,Female,ckidd@example.org,043.904.8732,1947-07-17,"Psychologist, forensic"
58,b9e62311164dB3B,Marco,Kramer,Male,stanleybarton@example.net,(129)086-0445x759,2014-11-16,Quantity surveyor
59,faEC3cddd8a0c31,Calvin,Meyer,Female,jensenmercedes@example.org,+1-493-992-5611x119,1951-10-18,Environmental health practitioner
60,Cfe90e9EbfdcAd7,Bryan,Rhodes,Male,erika36@example.com,943-756-2907,1998-01-26,Publishing rights manager
61,dd9C302a2eaEAaF,Dakota,Soto,Male,rossashley@example.net,920.575.7977,1972-12-03,"Pilot, airline"
62,64DA3A6CF2AAa74,Aimee,Vazquez,Female,dylangalvan@example.net,719.707.3754x1654,1929-03-31,Petroleum engineer
63,0eF145CA079E8A8,Ellen,Molina,Male,connor15@example.net,001-925-400-7395,2013-05-12,Lexicographer
64,d2d4Dbe874a5AC3,Anita,Patterson,Male,huangnicolas@example.net,(270)301-4293x5673,1910-12-18,"Nurse, learning disability"
65,DbbD325Fd5aCB9F,Kaylee,Montoya,Female,upace@example.com,913.578.3834,1956-06-30,Occupational psychologist
66,00c3CAbFd02cd34,Donald,Bray,Male,udonovan@example.com,001-245-159-6327x505,1986-05-23,"Engineer, control and instrumentation"
67,e63497d54d42D10,Clarence,Logan,Male,steve69@example.com,779-668-7536,2011-04-13,Research scientist (physical sciences)
68,8E7F6Dd9d6fE3b6,Dillon,Villarreal,Female,saundersjoe@example.org,+1-965-230-5148x167,1911-09-04,Special educational needs teacher
69,dEfF4E696FB5089,Debra,Marks,Male,roy33@example.net,(547)105-8829x05902,1987-02-24,Private music teacher
70,C8e535bee07CA0f,Don,Robinson,Female,cannontammy@example.net,001-957-227-5959x3268,1981-07-03,Health and safety inspector
71,03e988A53daD6C9,Alison,Duran,Female,julialeach@example.com,020.276.0765,1908-08-25,"Engineer, manufacturing systems"
72,Beb91d4eF5DccDE,Darius,Hardin,Female,ybarton@example.org,+1-802-398-3287x960,1957-10-26,Ambulance person
73,CcbF825640D5274,Kim,Lam,Male,scarney@example.net,001-743-411-5186x466,1962-06-24,Hydrographic surveyor
74,d89DbFCfaAAdc87,Joann,Farmer,Female,jasminemack@example.com,062.234.1633,1958-05-19,Insurance account manager
75,8C12fb45adC9fb8,Alex,Rogers,Female,mmiles@example.com,722.607.7313,1944-02-27,Data scientist
76,8EbD8CffFe0E5d2,Jaime,Johns,Male,veronica51@example.com,649-335-3869x377,1969-12-29,"Psychotherapist, child"
77,cD9eA32f6bbAb8d,Troy,Harris,Female,zali@example.com,914-964-3667x4730,1919-09-24,Counselling psychologist
78,6E0432df6D39cc8,Christina,Fowler,Female,hunterika@example.net,875-336-1844x76243,1987-03-29,Chemical engineer
79,89F7a4d29F24CEB,Kristen,Preston,Male,dmcbride@example.org,(516)102-3374x189,1975-06-04,Learning disability nurse
80,6DB0D6D8eAEa23F,Shirley,Sanford,Male,pgraham@example.org,+1-037-383-8129x6975,2016-10-24,"Teacher, English as a foreign language"
81,2EBfB5106D357a4,Tim,Hoffman,Female,kelsey81@example.net,+1-333-981-9188x760,2018-12-19,Homeopath
82,cdeeea9dD8b1f52,Gwendolyn,Holden,Male,flemingnatasha@example.net,308-112-1722x05176,1991-06-28,Retail buyer
83,Add83Dc12cFDDA2,Michele,Ewing,Male,destinygoodman@example.com,398-267-8534x3135,1971-11-18,Television production assistant
84,9da6f34d1b5A8Ff,Mike,Holmes,Male,ariassergio@example.com,(658)647-2794x6597,1950-12-29,Hydrographic surveyor
85,0e01c99Ba23fba7,Garrett,Phillips,Male,angelicamarshall@example.com,(712)737-7100,1989-08-08,Museum/gallery conservator
86,36Fad8c803fB33e,Kristin,Peck,Female,meagan17@example.net,(295)263-3102x0621,1936-01-31,Retail buyer
87,eeefbAF8FB4Cdbf,Kurt,Kerr,Female,smayo@example.com,3372122750,1945-02-22,Proofreader
88,A7f521A5BeCf849,Russell,Vaughan,Female,dawndodson@example.com,+1-504-967-4649x6546,1914-08-30,Dentist
89,60c4ba5de16DD60,Dale,Holmes,Female,brucecooley@example.net,015-722-7124,1907-11-22,Pensions consultant
90,6C4dd1dFEa17F94,Abigail,Watkins,Male,fhoffman@example.com,001-794-765-1140,1935-07-26,English as a foreign language teacher
91,E362fAF8835bD9d,Felicia,Guerrero,Female,nicolas20@example.net,354-782-3519x7143,1958-10-17,Higher education lecturer
92,Bd74eE7d4B83D4D,Louis,Knox,Female,warrensolis@example.com,5877521565,1954-04-27,Fast food restaurant manager
93,4C0F3e8DE643ADF,Nina,Spears,Male,enelson@example.org,456-023-4471x17198,1993-07-31,Tree surgeon
94,E6a9c1Fb439b963,Henry,Leonard,Female,katelynbenson@example.org,+1-269-934-6604,1967-07-04,"Teacher, special educational needs"
95,299394FaBC822Ea,Priscilla,Adams,Male,olynch@example.net,+1-423-419-1107,1937-09-02,Landscape architect
96,9D8dca342025F29,Bruce,Haas,Male,tatebill@example.com,1738892703,2014-01-17,Careers adviser
97,50f131A60E824aF,Devin,Lucas,Female,vaughancassandra@example.net,930-021-6762x4048,2010-02-07,Retail buyer
98,CfFeD7c30ceDAeD,Claire,Macdonald,Female,frederick21@example.com,001-769-838-9043x543,1912-03-09,"Engineer, manufacturing systems"
99,1DD5469bb7DeBd4,Melissa,Baker,Male,guy91@example.net,(666)888-9725x1040,2004-06-20,Clinical psychologist
100,0f5fCf1665D16fF,Colton,Robles,Female,debra23@example.org,+1-711-047-9638,1930-02-06,Technical sales engineer